-- MySQL dump 10.13  Distrib 8.4.3, for Linux (x86_64)
--
-- Host: localhost    Database: hotel
-- ------------------------------------------------------
-- Server version	8.4.3

/*!40101 SET @OLD_CHARACTER_SET_CLIENT=@@CHARACTER_SET_CLIENT */;
/*!40101 SET @OLD_CHARACTER_SET_RESULTS=@@CHARACTER_SET_RESULTS */;
/*!40101 SET @OLD_COLLATION_CONNECTION=@@COLLATION_CONNECTION */;
/*!50503 SET NAMES utf8mb4 */;
/*!40103 SET @OLD_TIME_ZONE=@@TIME_ZONE */;
/*!40103 SET TIME_ZONE='+00:00' */;
/*!40014 SET @OLD_UNIQUE_CHECKS=@@UNIQUE_CHECKS, UNIQUE_CHECKS=0 */;
/*!40014 SET @OLD_FOREIGN_KEY_CHECKS=@@FOREIGN_KEY_CHECKS, FOREIGN_KEY_CHECKS=0 */;
/*!40101 SET @OLD_SQL_MODE=@@SQL_MODE, SQL_MODE='NO_AUTO_VALUE_ON_ZERO' */;
/*!40111 SET @OLD_SQL_NOTES=@@SQL_NOTES, SQL_NOTES=0 */;

--
-- Table structure for table `contact`
--

DROP TABLE IF EXISTS `contact`;
/*!40101 SET @saved_cs_client     = @@character_set_client */;
/*!50503 SET character_set_client = utf8mb4 */;
CREATE TABLE `contact` (
  `orderNumber` varchar(255) NOT NULL,
  `roomNumber` varchar(255) NOT NULL,
  `endTime` datetime NOT NULL
) ENGINE=InnoDB DEFAULT CHARSET=utf8mb4 COLLATE=utf8mb4_0900_ai_ci;
/*!40101 SET character_set_client = @saved_cs_client */;

--
-- Dumping data for table `contact`
--

LOCK TABLES `contact` WRITE;
/*!40000 ALTER TABLE `contact` DISABLE KEYS */;
INSERT INTO `contact` VALUES ('20241225150825','101','2024-12-26 00:00:00'),('20241225150827','201','2024-12-26 00:00:00'),('20241225150828','301','2024-12-26 00:00:00'),('20241225180954','102','2024-12-26 00:00:00'),('20241225180957','202','2024-12-26 00:00:00'),('20241225180958','302','2024-12-26 00:00:00'),('20241225180959','203','2024-12-26 00:00:00'),('20241225181000','103','2024-12-26 00:00:00'),('20241225181002','204','2024-12-26 00:00:00'),('20241225181003','303','2024-12-26 00:00:00'),('20241225181004','205','2024-12-26 00:00:00'),('20241225181005','104','2024-12-26 00:00:00'),('20241225181006','206','2024-12-26 00:00:00'),('20241225181007','304','2024-12-26 00:00:00'),('20241225181028','105','2024-12-26 00:00:00'),('20241225181029','207','2024-12-26 00:00:00'),('20241225181030','208','2024-12-26 00:00:00'),('20241225181031','305','2024-12-26 00:00:00'),('20241225181032','306','2024-12-26 00:00:00'),('20241225181032','209','2024-12-26 00:00:00'),('20241225181034','210','2024-12-26 00:00:00'),('20241225181035','106','2024-12-26 00:00:00'),('20241225181036','211','2024-12-26 00:00:00'),('20241225181037','307','2024-12-26 00:00:00'),('20241225181038','212','2024-12-26 00:00:00'),('20241225181039','213','2024-12-26 00:00:00'),('20241225181040','308','2024-12-26 00:00:00'),('20241225181041','107','2024-12-26 00:00:00'),('20241225181042','108','2024-12-26 00:00:00'),('20241225181103','109','2024-12-26 00:00:00'),('20241225181104','214','2024-12-26 00:00:00'),('20241225181104','309','2024-12-26 00:00:00'),('20241225181105','215','2024-12-26 00:00:00'),('20241225181107','310','2024-12-26 00:00:00'),('20241225181108','216','2024-12-26 00:00:00'),('20241225181109','110','2024-12-26 00:00:00'),('20241225181110','111','2024-12-26 00:00:00'),('20241225181110','311','2024-12-26 00:00:00'),('20241225181111','217','2024-12-26 00:00:00'),('20241225181112','112','2024-12-26 00:00:00'),('20241225181112','113','2024-12-26 00:00:00'),('20241225181114','218','2024-12-26 00:00:00'),('20241225181114','312','2024-12-26 00:00:00'),('20241225181115','313','2024-12-26 00:00:00'),('20241225181116','219','2024-12-26 00:00:00'),('20241225181116','114','2024-12-26 00:00:00'),('20241225181702','115','2024-12-26 00:00:00'),('20241225181703','220','2024-12-26 00:00:00'),('20241225181705','314','2024-12-26 00:00:00'),('20241225181706','221','2024-12-26 00:00:00'),('20241225181707','116','2024-12-26 00:00:00'),('20241225181708','222','2024-12-26 00:00:00'),('20241225181709','315','2024-12-26 00:00:00'),('20241225181710','223','2024-12-26 00:00:00'),('20241225181711','117','2024-12-26 00:00:00'),('20241225181712','224','2024-12-26 00:00:00'),('20241225181712','316','2024-12-26 00:00:00'),('20241225182538','118','2024-12-26 00:00:00'),('20241225182539','119','2024-12-26 00:00:00'),('20241225182540','120','2024-12-26 00:00:00'),('20241225182541','225','2024-12-26 00:00:00'),('20241225182542','317','2024-12-26 00:00:00'),('20241225182543','226','2024-12-26 00:00:00'),('20241225182544','227','2024-12-26 00:00:00'),('20241225182545','318','2024-12-26 00:00:00'),('20241225182546','319','2024-12-26 00:00:00'),('20241225182548','228','2024-12-26 00:00:00'),('20241225182548','121','2024-12-26 00:00:00'),('20241225182623','122','2024-12-26 00:00:00'),('20241225182624','229','2024-12-26 00:00:00'),('20241225182625','320','2024-12-26 00:00:00'),('20241225182627','230','2024-12-26 00:00:00'),('20241225182628','123','2024-12-26 00:00:00'),('20241225182630','321','2024-12-26 00:00:00'),('20241225182633','124','2024-12-26 00:00:00'),('20241225182635','125','2024-12-26 00:00:00'),('20241225182636','126','2024-12-26 00:00:00'),('20241225182637','127','2024-12-26 00:00:00'),('20241225182639','322','2024-12-26 00:00:00'),('20241225182640','323','2024-12-26 00:00:00'),('20241225182642','128','2024-12-26 00:00:00'),('20241225182643','129','2024-12-26 00:00:00'),('20241225182645','324','2024-12-26 00:00:00'),('20241225182646','325','2024-12-26 00:00:00'),('20241225182648','326','2024-12-26 00:00:00'),('20241225182649','130','2024-12-26 00:00:00'),('20241225182652','327','2024-12-26 00:00:00'),('20241225182653','328','2024-12-26 00:00:00'),('20241225182654','329','2024-12-26 00:00:00'),('20241225182656','330','2024-12-26 00:00:00');
/*!40000 ALTER TABLE `contact` ENABLE KEYS */;
UNLOCK TABLES;

--
-- Table structure for table `customer_details`
--

DROP TABLE IF EXISTS `customer_details`;
/*!40101 SET @saved_cs_client     = @@character_set_client */;
/*!50503 SET character_set_client = utf8mb4 */;
CREATE TABLE `customer_details` (
  `customerID` int NOT NULL AUTO_INCREMENT,
  `customerName` varchar(255) NOT NULL,
  `customerPassword` int NOT NULL,
  `customerPhone` varchar(11) NOT NULL,
  `orderNumber` varchar(255) DEFAULT NULL,
  PRIMARY KEY (`customerID`)
) ENGINE=InnoDB AUTO_INCREMENT=1026 DEFAULT CHARSET=utf8mb4 COLLATE=utf8mb4_0900_ai_ci;
/*!40101 SET character_set_client = @saved_cs_client */;

--
-- Dumping data for table `customer_details`
--

LOCK TABLES `customer_details` WRITE;
/*!40000 ALTER TABLE `customer_details` DISABLE KEYS */;
INSERT INTO `customer_details` VALUES (1001,'admin',123456,'17742582171',''),(1002,'程信芃',123456,'17742582171',''),(1003,'李彻',123456,'17742582171',''),(1004,'李啟鹏',123456,'17742582171',''),(1005,'李佳兴',123456,'17742582171',''),(1006,'郭坤鑫',123456,'17742582171',''),(1007,'李伟朋',123456,'17742582171',''),(1019,'孙楠',123456,'17742582171',''),(1020,'王斌斌',123456,'17742582171',''),(1021,'霍浩楠',123456,'17742582171',''),(1022,'邓琳宣',123456,'17742582171',NULL),(1023,'张峻熙',123456,'17742582171',''),(1024,'程锦江',123456,'17742582171',''),(1025,'李星洋',123456,'17602954738','');
/*!40000 ALTER TABLE `customer_details` ENABLE KEYS */;
UNLOCK TABLES;

--
-- Table structure for table `hotel_details`
--

DROP TABLE IF EXISTS `hotel_details`;
/*!40101 SET @saved_cs_client     = @@character_set_client */;
/*!50503 SET character_set_client = utf8mb4 */;
CREATE TABLE `hotel_details` (
  `hotelName` varchar(255) NOT NULL,
  `hotelAddress` varchar(255) NOT NULL,
  `hotelPhone` varchar(11) NOT NULL,
  PRIMARY KEY (`hotelName`)
) ENGINE=InnoDB DEFAULT CHARSET=utf8mb4 COLLATE=utf8mb4_0900_ai_ci;
/*!40101 SET character_set_client = @saved_cs_client */;

--
-- Dumping data for table `hotel_details`
--

LOCK TABLES `hotel_details` WRITE;
/*!40000 ALTER TABLE `hotel_details` DISABLE KEYS */;
INSERT INTO `hotel_details` VALUES ('226 国际酒店','西安思源学院','17742582171');
/*!40000 ALTER TABLE `hotel_details` ENABLE KEYS */;
UNLOCK TABLES;

--
-- Table structure for table `order_details`
--

DROP TABLE IF EXISTS `order_details`;
/*!40101 SET @saved_cs_client     = @@character_set_client */;
/*!50503 SET character_set_client = utf8mb4 */;
CREATE TABLE `order_details` (
  `orderNumber` varchar(255) NOT NULL,
  `customerID` int NOT NULL,
  `roomType` varchar(255) NOT NULL,
  `orderState` varchar(255) DEFAULT NULL,
  `startTime` date DEFAULT NULL,
  PRIMARY KEY (`orderNumber`)
) ENGINE=InnoDB DEFAULT CHARSET=utf8mb4 COLLATE=utf8mb4_0900_ai_ci;
/*!40101 SET character_set_client = @saved_cs_client */;

--
-- Dumping data for table `order_details`
--

LOCK TABLES `order_details` WRITE;
/*!40000 ALTER TABLE `order_details` DISABLE KEYS */;
INSERT INTO `order_details` VALUES ('20241225150825',1003,'单人间','1','2024-12-25'),('20241225150827',1003,'双人间','1','2024-12-25'),('20241225150828',1003,'豪华套房','1','2024-12-25'),('20241225180954',1002,'单人间','1','2024-12-25'),('20241225180957',1002,'双人间','1','2024-12-25'),('20241225180958',1002,'豪华套房','1','2024-12-25'),('20241225180959',1002,'双人间','1','2024-12-25'),('20241225181000',1002,'单人间','1','2024-12-25'),('20241225181002',1002,'双人间','1','2024-12-25'),('20241225181003',1002,'豪华套房','1','2024-12-25'),('20241225181004',1002,'双人间','1','2024-12-25'),('20241225181005',1002,'单人间','1','2024-12-25'),('20241225181006',1002,'双人间','1','2024-12-25'),('20241225181007',1002,'豪华套房','1','2024-12-25'),('20241225181028',1003,'单人间','1','2024-12-25'),('20241225181029',1003,'双人间','1','2024-12-25'),('20241225181030',1003,'双人间','1','2024-12-25'),('20241225181031',1003,'豪华套房','1','2024-12-25'),('20241225181032',1003,'豪华套房','1','2024-12-25'),('20241225181034',1003,'双人间','1','2024-12-25'),('20241225181035',1003,'单人间','1','2024-12-25'),('20241225181036',1003,'双人间','1','2024-12-25'),('20241225181037',1003,'豪华套房','1','2024-12-25'),('20241225181038',1003,'双人间','1','2024-12-25'),('20241225181039',1003,'双人间','1','2024-12-25'),('20241225181040',1003,'豪华套房','1','2024-12-25'),('20241225181041',1003,'单人间','1','2024-12-25'),('20241225181042',1003,'单人间','1','2024-12-25'),('20241225181103',1022,'单人间','1','2024-12-25'),('20241225181104',1022,'双人间','1','2024-12-25'),('20241225181105',1022,'双人间','1','2024-12-25'),('20241225181107',1022,'豪华套房','1','2024-12-25'),('20241225181108',1022,'双人间','1','2024-12-25'),('20241225181109',1022,'单人间','1','2024-12-25'),('20241225181110',1022,'单人间','1','2024-12-25'),('20241225181111',1022,'双人间','1','2024-12-25'),('20241225181112',1022,'单人间','1','2024-12-25'),('20241225181114',1022,'双人间','1','2024-12-25'),('20241225181115',1022,'豪华套房','1','2024-12-25'),('20241225181116',1022,'双人间','1','2024-12-25'),('20241225181702',1002,'单人间','1','2024-12-25'),('20241225181703',1002,'双人间','1','2024-12-25'),('20241225181705',1002,'豪华套房','1','2024-12-25'),('20241225181706',1002,'双人间','1','2024-12-25'),('20241225181707',1002,'单人间','1','2024-12-25'),('20241225181708',1002,'双人间','1','2024-12-25'),('20241225181709',1002,'豪华套房','1','2024-12-25'),('20241225181710',1002,'双人间','1','2024-12-25'),('20241225181711',1002,'单人间','1','2024-12-25'),('20241225181712',1002,'双人间','1','2024-12-25'),('20241225182538',1002,'单人间','1','2024-12-25'),('20241225182539',1002,'单人间','1','2024-12-25'),('20241225182540',1002,'单人间','1','2024-12-25'),('20241225182541',1002,'双人间','1','2024-12-25'),('20241225182542',1002,'豪华套房','1','2024-12-25'),('20241225182543',1002,'双人间','1','2024-12-25'),('20241225182544',1002,'双人间','1','2024-12-25'),('20241225182545',1002,'豪华套房','1','2024-12-25'),('20241225182546',1002,'豪华套房','1','2024-12-25'),('20241225182548',1002,'双人间','1','2024-12-25'),('20241225182623',1002,'单人间','1','2024-12-25'),('20241225182624',1002,'双人间','1','2024-12-25'),('20241225182625',1002,'豪华套房','1','2024-12-25'),('20241225182627',1002,'双人间','1','2024-12-25'),('20241225182628',1002,'单人间','1','2024-12-25'),('20241225182630',1002,'豪华套房','1','2024-12-25'),('20241225182633',1002,'单人间','1','2024-12-25'),('20241225182635',1002,'单人间','1','2024-12-25'),('20241225182636',1002,'单人间','1','2024-12-25'),('20241225182637',1002,'单人间','1','2024-12-25'),('20241225182639',1002,'豪华套房','1','2024-12-25'),('20241225182640',1002,'豪华套房','1','2024-12-25'),('20241225182642',1002,'单人间','1','2024-12-25'),('20241225182643',1002,'单人间','1','2024-12-25'),('20241225182645',1002,'豪华套房','1','2024-12-25'),('20241225182646',1002,'豪华套房','1','2024-12-25'),('20241225182648',1002,'豪华套房','1','2024-12-25'),('20241225182649',1002,'单人间','1','2024-12-25'),('20241225182652',1002,'豪华套房','1','2024-12-25'),('20241225182653',1002,'豪华套房','1','2024-12-25'),('20241225182654',1002,'豪华套房','1','2024-12-25'),('20241225182656',1002,'豪华套房','1','2024-12-25');
/*!40000 ALTER TABLE `order_details` ENABLE KEYS */;
UNLOCK TABLES;

--
-- Table structure for table `room_details`
--

DROP TABLE IF EXISTS `room_details`;
/*!40101 SET @saved_cs_client     = @@character_set_client */;
/*!50503 SET character_set_client = utf8mb4 */;
CREATE TABLE `room_details` (
  `roomNumber` varchar(255) NOT NULL,
  `roomType` varchar(255) NOT NULL,
  `roomPrice` int NOT NULL,
  `roomState` int NOT NULL DEFAULT '0',
  PRIMARY KEY (`roomNumber`)
) ENGINE=InnoDB DEFAULT CHARSET=utf8mb4 COLLATE=utf8mb4_0900_ai_ci;
/*!40101 SET character_set_client = @saved_cs_client */;

--
-- Dumping data for table `room_details`
--

LOCK TABLES `room_details` WRITE;
/*!40000 ALTER TABLE `room_details` DISABLE KEYS */;
INSERT INTO `room_details` VALUES ('101','单人间',88,1),('102','单人间',88,1),('103','单人间',88,1),('104','单人间',88,1),('105','单人间',88,1),('106','单人间',88,1),('107','单人间',88,1),('108','单人间',88,1),('109','单人间',88,1),('110','单人间',88,1),('111','单人间',88,1),('112','单人间',88,1),('113','单人间',88,1),('114','单人间',88,1),('115','单人间',88,1),('116','单人间',88,1),('117','单人间',88,1),('118','单人间',88,1),('119','单人间',88,1),('120','单人间',88,1),('121','单人间',88,1),('122','单人间',88,1),('123','单人间',88,1),('124','单人间',88,1),('125','单人间',88,1),('126','单人间',88,1),('127','单人间',88,1),('128','单人间',88,1),('129','单人间',88,1),('130','单人间',88,1),('201','双人间',188,1),('202','双人间',188,1),('203','双人间',188,1),('204','双人间',188,1),('205','双人间',188,1),('206','双人间',188,1),('207','双人间',188,1),('208','双人间',188,1),('209','双人间',188,1),('210','双人间',188,1),('211','双人间',188,1),('212','双人间',188,1),('213','双人间',188,1),('214','双人间',188,1),('215','双人间',188,1),('216','双人间',188,1),('217','双人间',188,1),('218','双人间',188,1),('219','双人间',188,1),('220','双人间',188,1),('221','双人间',188,1),('222','双人间',188,1),('223','双人间',188,1),('224','双人间',188,1),('225','双人间',188,1),('226','双人间',188,1),('227','双人间',188,1),('228','双人间',188,1),('229','双人间',188,1),('230','双人间',188,1),('301','豪华套房',288,1),('302','豪华套房',288,1),('303','豪华套房',288,1),('304','豪华套房',288,1),('305','豪华套房',288,1),('306','豪华套房',288,1),('307','豪华套房',288,1),('308','豪华套房',288,1),('309','豪华套房',288,1),('310','豪华套房',288,1),('311','豪华套房',288,1),('312','豪华套房',288,1),('313','豪华套房',288,1),('314','豪华套房',288,1),('315','豪华套房',288,1),('316','豪华套房',288,1),('317','豪华套房',288,1),('318','豪华套房',288,1),('319','豪华套房',288,1),('320','豪华套房',288,1),('321','豪华套房',288,1),('322','豪华套房',288,1),('323','豪华套房',288,1),('324','豪华套房',288,1),('325','豪华套房',288,1),('326','豪华套房',288,1),('327','豪华套房',288,1),('328','豪华套房',288,1),('329','豪华套房',288,1),('330','豪华套房',288,1);
/*!40000 ALTER TABLE `room_details` ENABLE KEYS */;
UNLOCK TABLES;
/*!40103 SET TIME_ZONE=@OLD_TIME_ZONE */;

/*!40101 SET SQL_MODE=@OLD_SQL_MODE */;
/*!40014 SET FOREIGN_KEY_CHECKS=@OLD_FOREIGN_KEY_CHECKS */;
/*!40014 SET UNIQUE_CHECKS=@OLD_UNIQUE_CHECKS */;
/*!40101 SET CHARACTER_SET_CLIENT=@OLD_CHARACTER_SET_CLIENT */;
/*!40101 SET CHARACTER_SET_RESULTS=@OLD_CHARACTER_SET_RESULTS */;
/*!40101 SET COLLATION_CONNECTION=@OLD_COLLATION_CONNECTION */;
/*!40111 SET SQL_NOTES=@OLD_SQL_NOTES */;

-- Dump completed on 2024-12-25 22:29:47
